Comparison,DM Statistic,p-value
SARIMAX vs LSTM,2.6418534774171727,0.008245371784078914
SARIMAX vs XGBoost,-6.492373814588968,8.449418942291231e-11
SARIMAX vs Prophet,1.6986484869645802,0.08938543481251449
